<zuiprezi><version>7</version><zui-table><settings>
									<autoplay>
										<delay>4000</delay>
									</autoplay>
								<bounds x="-21826.12903087686" y="-13641.330644298037" width="43652.25806175372" height="27282.661288596075"/><aspectratio>off</aspectratio><mode type="normal"/></settings><object id="5" type="image" x="-9.841433721690737e-13" y="0" r="0" s="17.051663305372546"><source w="2560" h="1600">_21.jpg<url>_21.jpg</url></source><sourceUrl>21.jpg</sourceUrl></object><object id="27" type="button" x="-177.19914764990074" y="7025.33349933938" r="0" s="4.693818460647982" class="invisible"><type>invisible</type><size><w>2282.5305176063093</w><h>690.4949780738053</h></size></object><object id="2" type="text" x="-180.29930802843307" y="6302.249999999997" r="0" s="84.11389030196145" class="head"><height>24</height><width>-126.84375</width><p><text color="16775176"><![CDATA[ACM之STL]]></text></p></object><object id="3" type="text" x="680.3776804229478" y="10704.46462156711" r="0" s="17.924385790430772" class="body"><height>96</height><width>-434.4375</width><p align="center"><text color="16777215"><![CDATA[kdiem dkjoew nkld doem mleod]]></text></p><p align="center"><text color="16777215"><![CDATA[idkue kdikx leosle keidk dkeid ledkekp]]></text></p><p align="center"><text color="16777215"><![CDATA[kesle djleudmek kdiem  ]]></text></p><p align="center"><text color="16777215"><![CDATA[doem mleod keik keosl kded]]></text></p></object><object id="0" type="button" x="-17526.95" y="-2036.1" r="0" s="7.246529165898577" class="invisible"><type>invisible</type><size><w>678.5267814212904</w><h>600</h></size></object><object id="41" type="image" x="-12389.9" y="-6297.799999999999" r="37.54064617364964" s="5.72967270616144"><source w="942" h="445">JC5NvJ7oLODAQ7N.png<url>JC5NvJ7oLODAQ7N.png</url></source><sourceUrl>123.png</sourceUrl></object><object id="9" type="text" x="-10762.536562277974" y="-6135.15734314232" r="37.54064617364964" s="9.162984714098142" class="head"><height>24</height><width>-86.90625</width><p><text color="11793407"><![CDATA[Subtitle]]></text></p></object><object id="10" type="text" x="-10702.540053041796" y="-5699.974073496915" r="37.54064617364965" s="3.105444195125747" class="body"><height>72</height><width>-434.4375</width><p><text color="11793407"><![CDATA[kdiem dkjoew nkld doem mleod]]></text></p><p><text color="11793407"><![CDATA[idkue kdikx leosle keidk dkeid ledkekp]]></text></p><p><text color="11793407"><![CDATA[kesle djleudmek kdiem]]></text></p></object><object id="49" type="image" x="1403.45" y="-8037.2" r="-33.79482467250506" s="5.009781097091598"><source w="512" h="512">eav8va5EzezXZen.jpg<url>eav8va5EzezXZen.jpg</url></source><sourceUrl>prb.jpg</sourceUrl></object><object id="13" type="text" x="2433.8985696915533" y="-8288.087503468161" r="-33.79482467250502" s="5.109024841327503" class="body"><height>72</height><width>-434.4375</width><p><text color="11705824"><![CDATA[kdiem dkjoew nkld doem mleod]]></text></p><p><text color="11705824"><![CDATA[idkue kdikx leosle keidk dkeid ledkekp]]></text></p><p><text color="11705824"><![CDATA[kesle djleudmek kdiem]]></text></p></object><object id="24" type="button" x="5318.911879138272" y="945.7521112011384" r="41.75773138904774" s="2.4425274709262976" class="invisible"><type>invisible</type><size><w>3324.675469486733</w><h>2586.200053757176</h></size></object><object id="58" type="button" x="-5141.240083460011" y="-751.8837249305436" r="37.54064617364964" s="5.2466147786103825" class="invisible"><type>invisible</type><size><w>1361.7046156062056</w><h>1232.9219146953565</h></size></object><object id="57" type="button" x="12144.3" y="2289" r="10.003055570806437" s="2.251429176195322" class="circle"><type>circle</type><size><w>800</w><h>800</h></size></object><object id="1" type="button" x="-11202.446669140983" y="-7682.225530789921" r="37.54064617364965" s="4.1182552657695775" class="invisible"><type>invisible</type><size><w>1606.1255258413462</w><h>1554.125</h></size></object><object id="4" type="button" x="2230.286767138195" y="-7194.122865212909" r="-33.794824672505065" s="2.701614656097006" class="invisible"><type>invisible</type><size><w>3849.1152454087537</w><h>2681.413609887081</h></size></object><object id="28" type="text" x="-477.0602921477415" y="8020.542629485168" r="0" s="17.924385790430772" class="body"><height>24</height><width>-131.25</width><p><text color="16711680"><![CDATA[主讲人-T&B]]></text></p></object><object id="29" type="text" x="-17699.07090688003" y="-2488.6944049600584" r="0" s="9.532179294882457" class="head"><height>72</height><width>270.9375</width><p><text color="3247103"><![CDATA[相信大家看到STL这个词后juice发出疑问 到底什么是STL呢？]]></text></p></object><object id="30" type="button" x="-11018.750545954377" y="2396.349590534217" r="0" s="6.145292494002807" class="invisible"><type>invisible</type><size><w>807.687321677786</w><h>605.7654912583394</h></size></object><object id="31" type="text" x="-11397.264999999998" y="1255.1727272727285" r="0" s="7.2727272727272725" class="body"><height>24</height><width>-327.9375</width><p><text color="16775176"><![CDATA[ 对于这个问题 我稍后再做回答]]></text></p></object><object id="38" type="image" x="-11100.199999999999" y="3181.2000000000003" r="0" s="5.491840654452527"><source w="798" h="317">____aviary.png<url>____aviary.png</url></source><sourceUrl>____aviary.png</sourceUrl></object><object id="32" type="text" x="-10107.008862099581" y="1798.7964585752338" r="0" s="5.464107642920563" class="body"><height>120</height><width>343.96875</width><p><text color="16711680"><![CDATA[如果没记错的的话前阵子旺旺和会大大大上课时应该提过 sort 栈和队列吧 没错他们就是STL里面的一部分 先让我们来复习下sort 吧]]></text></p></object><object id="33" type="button" x="11147.05" y="-10099.65" r="0" s="1.979977822740506" class="circle"><type>circle</type><size><w>2251.5090692281037</w><h>2251.5090692281037</h></size></object><object id="47" type="image" x="-10644.15" y="-8260.6" r="37.54064617364964" s="6.356015386350428"><source w="947" h="321">ai6AYpfb1gOMNff.png<url>ai6AYpfb1gOMNff.png</url></source><sourceUrl>1234.png</sourceUrl></object><object id="40" type="text" x="-10104.229563134115" y="-9926.62371404684" r="37.54064617364965" s="12.567433858617324" class="body"><height>48</height><width>211.96194273808683</width><p align="right"><text color="16775176"><![CDATA[那如果我想实现从大到小排序呢？]]></text></p></object><object id="44" type="button" x="-11018.7" y="2396.2" r="0" s="6.593551934391963" class="invisible"><type>invisible</type><size><w>1021.8181818181819</w><h>600</h></size></object><object id="45" type="button" x="-11100.15" y="3181.15" r="0" s="4.447175024426595" class="invisible"><type>invisible</type><size><w>1021.8181818181819</w><h>600</h></size></object><object id="46" type="button" x="-11100" y="3181" r="0" s="5.558968780533243" class="invisible"><type>invisible</type><size><w>1021.8181818181819</w><h>600</h></size></object><object id="48" type="text" x="1070.9936438015748" y="-9810.36129829876" r="-33.794824672505065" s="16" class="body"><height>24</height><width>552</width><p><text color="3247103"><![CDATA[然而问题又来了 当我们碰到结构体咋咋办呀? ]]></text></p></object><object id="50" type="text" x="2830.1073425108257" y="-6298.882199897899" r="-33.794824672505065" s="16" class="body"><height>24</height><width>-314.71875</width><p><text color="16711680"><![CDATA[Sort 大哥 你还有一战之力吗?]]></text></p></object><object id="51" type="text" x="2984.287671793132" y="-5754.6130660645795" r="-33.794824672505065" s="16" class="body"><height>24</height><width>-120</width><p><text color="16711680"><![CDATA[。。。。。]]></text></p></object><object id="52" type="text" x="3392.646336904712" y="-5144.857412299812" r="-33.794824672505065" s="16" class="body"><height>24</height><width>-144</width><p><text color="16711680"><![CDATA[答案是肯定的]]></text></p></object><object id="53" type="text" x="6710.803678409653" y="-649.7108218258359" r="41.75773138904774" s="12.021036814425242" class="body"><height>24</height><width>-410.25</width><p><text color="16711680"><![CDATA[sort是非常强大滴 咱们来好好地总结下]]></text></p></object><object id="54" type="text" x="5976.9030259097635" y="285.43293754793547" r="41.75773138904775" s="7.464118083355735" class="body"><height>144</height><width>642.1942033784509</width><p><text color="16775176"><![CDATA[1. sort可以对任意的数据类型进行排序 而且效率是非常好的]]></text></p><p><text color="16775176"><![CDATA[2. sort需要传入两个参数，一个是要排序元素的首地址，一个是要排序的尾地址 比如 sort(a,a+10);]]></text></p><p><text color="16775176"><![CDATA[3. 对于基本的数据类型，直接调用sort 就好，对于自定义数据类型 就得重载 < 号了]]></text></p><p indent="6"><text color="16775176"><![CDATA[下面是见证奇迹的时候]]></text></p></object><object id="55" type="shape" x="5524.227301464016" y="927.4368355881188" r="127.74004290853975" s="8" class="line3"><geom type="arrow"><sp>-32.199257868851504 0</sp><ep>32.199257868851504 0</ep><t>8</t></geom></object><object id="56" type="image" x="4478.15" y="1887.85" r="41.75773138904774" s="9.934489610981995"><source w="668" h="223">G2XWPhirX1pmJYY.png<url>G2XWPhirX1pmJYY.png</url></source><sourceUrl>123.png</sourceUrl></object><object id="59" type="button" x="15718.326591799627" y="2015.8487812867518" r="10.00305557080644" s="2.9441670383442142" class="invisible"><type>invisible</type><size><w>864.1285681746629</w><h>574.0285326282094</h></size></object><object id="60" type="image" x="-4050.5499999999997" y="-2359.85" r="37.54064617364964" s="5.2013246987918285"><source w="1095" h="400">hoiJWORiG3V5oni.png<url>hoiJWORiG3V5oni.png</url></source><sourceUrl>123.png</sourceUrl></object><object id="61" type="text" x="-6213.140259163269" y="461.9436670033364" r="37.54064617364965" s="5.607902391702278" class="body"><height>48</height><width>702.8069294785205</width><p><text color="16777215"><![CDATA[STL的东西很多很多让我一节课讲完 那是不可能的所以今天是挑些重点讲讲 更多的是靠你们自己的探索 ]]></text></p></object><object id="62" type="image" x="-5392.15" y="-701.1" r="37.54064617364964" s="5.253402113549322"><source w="1124" h="363">FMuohXQNnzwt1OS.png<url>FMuohXQNnzwt1OS.png</url></source><sourceUrl>123.png</sourceUrl></object><object id="63" type="text" x="12237.762873170966" y="1579.0816061223939" r="10.003055570806437" s="4" class="body"><height>24</height><width>-70.78125</width><p><text color="16758141"><![CDATA[1.容器]]></text></p></object><object id="64" type="text" x="12157.365135080103" y="2113.7747145864464" r="10.00305557080644" s="2.48368529223662" class="strong"><height>288</height><width>479.46875</width><p><text color="16749190"><![CDATA[常用容器:]]></text></p><p indent="2"><text color="16749190"><![CDATA[栈(stack)     先进后出]]></text></p><p indent="2"><text color="16749190"><![CDATA[队列(queue) 先进先出]]></text></p><p indent="2"><text color="16749190"><![CDATA[双端队列（deque容器类）]]></text></p><p indent="2"><text color="16749190"><![CDATA[向量(vector) 连续存储元素]]></text></p><p indent="2"><text color="16749190"><![CDATA[集合(set)      由节点组成的红黑树，每个节点包含一个元素,节点之间以某种作用于元素对的谓词排列,没有两个不同的元素能够拥有相同的次序]]></text></p><p indent="2"><text color="16749190"><![CDATA[映射(map)     由{键 , 值}队组成的集合，以某种作用于键对上的谓词排列]]></text></p><p indent="3"><text color="16749190"><![CDATA[]]></text></p></object><object id="65" type="image" x="15809.886264944565" y="1496.5683477153354" r="10.00305557080644" s="2.2510633191867875"><source w="1110" h="195">RKdF3ayNn7BKPkZ.png<url>RKdF3ayNn7BKPkZ.png</url></source><sourceUrl>1234.png</sourceUrl></object><object id="66" type="image" x="15750.700000000003" y="1831.6" r="10.00305557080644" s="2.262318717803429"><source w="1116" h="99">O2vo80pcP7YBPji.png<url>O2vo80pcP7YBPji.png</url></source><sourceUrl>12345.png</sourceUrl></object><object id="67" type="image" x="15707.95" y="2093.2" r="10.003055570806445" s="2.2682193067102467"><source w="1115" h="125">DuGebYsJ3fbsPMu.png<url>DuGebYsJ3fbsPMu.png</url></source><sourceUrl>123.png</sourceUrl></object><object id="68" type="button" x="14534.7" y="-4881.45" r="0" s="8.024312143704726" class="invisible"><type>invisible</type><size><w>800</w><h>600</h></size></object><object id="69" type="image" x="14556.849999999999" y="-5475.7" r="0" s="5.778624829594128"><source w="1108" h="517">vGZbvpUBsQv62SU.png<url>vGZbvpUBsQv62SU.png</url></source><sourceUrl>1.png</sourceUrl></object><object id="70" type="image" x="11144.25" y="-10111" r="0" s="3.6701528354306974"><source w="1112" h="105">u0XXoDoh5ayxRXG.png<url>u0XXoDoh5ayxRXG.png</url></source><sourceUrl>2.png</sourceUrl></object><object id="71" type="button" x="-17529.85" y="9071.65" r="0" s="0.9326137106890597" class="circle"><type>circle</type><size><w>800</w><h>800</h></size></object><object id="72" type="text" x="-17526.95509" y="9050.076799999999" r="0" s="2.9282000000000012" class="head"><height>48</height><width>-85.125</width><p><text color="16711680"><![CDATA[  END]]></text></p><p><text color="16711680"><![CDATA[Thanks]]></text></p></object><object id="73" type="text" x="-17529.95" y="9246.050000000001" r="0" s="2" class="head"><height>24</height><width>-51.28125</width><p><text color="16777215"><![CDATA[T&B]]></text></p></object></zui-table><path><s><eagle o="5"/></s><s><eagle o="27"/></s><s><eagle o="0"/></s><s><eagle o="30"/></s><s><eagle o="46"/></s><s><buildin o="45"/></s><s><buildin o="38"/></s><s><eagle o="1"/></s><s><buildin o="47"/></s><s><buildin o="41"/></s><s><eagle o="4"/></s><s><buildin o="49"/></s><s><buildin o="50"/></s><s><buildin o="51"/></s><s><buildin o="52"/></s><s><eagle o="24"/></s><s><buildin o="56"/></s><s><eagle o="58"/></s><s><buildin o="60"/></s><s><buildin o="62"/></s><s><buildin o="61"/></s><s><eagle o="57"/></s><s><eagle o="59"/></s><s><buildin o="65"/></s><s><buildin o="66"/></s><s><buildin o="67"/></s><s><eagle o="68"/></s><s><eagle o="71"/></s><s><buildin o="72"/></s><s><buildin o="73"/></s><s><eagle o="5"/></s></path><style type="text/css"><![CDATA[
@font-face
{
	src: url('DFScreenMing-A.keg');
	fontFamily: body;
	font-class: body;
	font-style: normal;
	font-weight: normal;
	font-family: DFScreenMing-A;
}

@font-face
{
	src: url('DFScreenMing-A.keg');
	fontFamily: head;
	font-class: head;
	font-style: normal;
	font-weight: normal;
	font-family: DFScreenMing-A;
}

@font-face
{
	src: url('DFScreenMing-A.keg');
	fontFamily: strong;
	font-class: strong;
	font-style: normal;
	font-weight: normal;
	font-family: DFScreenMing-A;
}

.line1
{
	color: #34f6df;
	gradEndColor: #34f6df;
	gradStartColor: #34f6df;
}

.line2
{
	borderColor: #33c257;
	color: #33c257;
	gradEndColor: #33c257;
	gradStartColor: #33c257;
}

.line3
{
	color: #f24268;
	gradEndColor: #f24268;
	gradStartColor: #f24268;
}

.line4
{
	color: #f2e526;
	gradEndColor: #f2e526;
	gradStartColor: #f2e526;
}

.line5
{
	color: #ffa93e;
	gradEndColor: #ffa93e;
	gradStartColor: #ffa93e;
}

.poly1
{
	borderColor: #34f6df;
	borderThickness: 9;
	gradEndColor: #34f6df;
	gradStartColor: #34f6df;
}

.poly2
{
	borderColor: #33c257;
	borderThickness: 0;
	gradEndColor: #33c257;
	gradStartColor: #33c257;
}

.poly3
{
	borderColor: #f24268;
	borderThickness: 9;
	gradEndColor: #f24268;
	gradStartColor: #f24268;
}

.poly4
{
	borderColor: #f2e526;
	borderThickness: 0;
	gradEndColor: #f2e526;
	gradStartColor: #f2e526;
}

.poly5
{
	borderColor: #ffa93e;
	borderThickness: 9;
	gradEndColor: #ffa93e;
	gradStartColor: #ffa93e;
}

Background
{
	gradEnd: #fff;
	gradStart: #fff;
}

Grid
{
	color: #b8b8b8;
}

ZArrow
{
	borderColor: #fff;
	borderThickness: 0;
	gradEndColor: #333;
	gradStartColor: #333;
	lockTintAlpha: 0;
}

ZCircle
{
	borderAlpha: 1;
	gradEndAlpha: 1;
	gradStartAlpha: 1;
	lockTintAlpha: 0;
	radius: 0;
	thickness: 100;
}

ZCurveLine
{
	color: #333;
}

ZFrame.bracket
{
	borderAlpha: 0;
	borderThickness: 0;
	gradEndAlpha: 1;
	gradEndColor: #333;
	gradStartAlpha: 1;
	gradStartColor: #333;
	padding: 1.03;
	thickness: 8;
}

ZFrame.circle
{
	borderAlpha: 0;
	borderThickness: 0;
	gradEndAlpha: 1;
	gradEndColor: #9b9b9b;
	gradStartAlpha: 1;
	gradStartColor: #9b9b9b;
	padding: 1.03;
	thickness: 8;
}

ZFrame.roundrect
{
	borderAlpha: .8;
	borderColor: #333;
	borderThickness: 25;
	gradEndColor: #dfdfdf;
	gradStartColor: #dfdfdf;
	padding: 1.03;
	radius: 3;
}

ZLabel
{
	lockTintAlpha: 0.15;
	padding: 1.2;
}

ZLabel.body
{
	color: #333;
	fontFamily: body;
}

ZLabel.body-background
{
	background-alpha: 0.9;
	background-color: #dfdfdf;
	background-padding: 5;
}

ZLabel.head
{
	color: #333;
	fontFamily: head;
}

ZLabel.head-background
{
	background-alpha: 0.9;
	background-color: #f2e526;
	background-padding: 4;
}

ZLabel.strong
{
	color: #333;
	fontFamily: strong;
}

ZLabel.strong-background
{
	background-alpha: 0.9;
	background-color: #34f6df;
	background-padding: 4;
}

ZLine
{
	color: #333;
	lockTintAlpha: 0;
}

ZMarker
{
	alpha: 0.5;
	color: #ad2ffb;
}

ZPath
{
	alpha: 1;
	color: #40abe6;
	textColor: #fff;
	thickness: 3;
}

ZPath Ball.base
{
	alpha: 1;
	fillColor: #40abe6;
	radius: 12;
}

ZPath Ball.mid
{
	alpha: .5;
	fillColor: #40abe6;
	radius: 8;
}

ZPoly
{
	borderAlpha: 1;
	gradEndAlpha: 1;
	gradStartAlpha: 1;
	lockTintAlpha: 0;
	radius: 0;
	thickness: 100;
}

ZVideo
{
	padding: 1.2;
}

]]></style><hash>2d40c2c</hash><config>NzJl0tjDkajS0gAbC6UBfxd4rwYEp49oYw==</config></zuiprezi>